{"Re-annotation":{"0":"basal1","1":"basal2","2":"spinous","3":"mitotic","4":"granular","5":"folicular","6":"channel","7":"WNT1","8":"melanocyte","9":"immune"},"mean_silhouette":{"0":0.3352940679,"1":0.4509484172,"2":0.3940389752,"3":-0.1141193062,"4":0.7933205962,"5":0.3914794922,"6":0.848449111,"7":0.5938383341,"8":0.6332107782,"9":0.7950466871},"std_silhouette":{"0":0.1834311187,"1":0.1633816063,"2":0.2959558368,"3":0.1329412758,"4":0.0667088702,"5":0.1962931901,"6":0.0855391994,"7":0.1979593784,"8":0.1841316521,"9":0.0915914252},"median_silhouette":{"0":0.3781256974,"1":0.5042095184,"2":0.4899080098,"3":-0.0988876075,"4":0.8213343024,"5":0.4492717087,"6":0.8579365611,"7":0.677775979,"8":0.6981041431,"9":0.8318321109},"count":{"0":6599,"1":10014,"2":16939,"3":1738,"4":209,"5":3294,"6":737,"7":1759,"8":1366,"9":399}}