{"Broad cell type":{"0":"Adipocyte","1":"Endothelial cell (lymphatic)","2":"Endothelial cell (vascular)","3":"Fibroblast","4":"ICCs","5":"Immune (B cell)","6":"Immune (DC\/macrophage)","7":"Immune (NK cell)","8":"Immune (T cell)","9":"Immune (mast cell)","10":"Myocyte (smooth muscle)","11":"Neuronal","12":"Pericyte\/SMC","13":"Schwann cell"},"mean_silhouette":{"0":0.7918409109,"1":0.7358151674,"2":0.5178992748,"3":0.6902804971,"4":0.7093853354,"5":0.95456177,"6":0.6790472865,"7":0.2472952604,"8":-0.0395188369,"9":-0.327504158,"10":0.5938009024,"11":0.9689238667,"12":0.618285954,"13":0.7597383857},"std_silhouette":{"0":0.2657593489,"1":0.2651337683,"2":0.2313394099,"3":0.1608449966,"4":0.457060039,"5":0.0215757266,"6":0.1802356392,"7":0.2431150377,"8":0.2206629366,"9":0.2988416255,"10":0.2327094227,"11":0.0046763793,"12":0.293286413,"13":0.2683712244},"median_silhouette":{"0":0.8577080965,"1":0.7854071259,"2":0.5748916864,"3":0.7336398363,"4":0.8667231202,"5":0.962010324,"6":0.7225595117,"7":0.3314566612,"8":0.0241137557,"9":-0.1797342598,"10":0.6523368955,"11":0.9687916636,"12":0.6867438555,"13":0.8145700693},"count":{"0":175,"1":1217,"2":3244,"3":10409,"4":237,"5":17,"6":2242,"7":34,"8":250,"9":721,"10":13662,"11":25,"12":970,"13":970}}