{"Curated_annotation":{"0":"Acinar-mix","1":"Activated stellate cells","2":"Alpha cells","3":"Beta cells","4":"Delta cells","5":"Ductal cells","6":"Endothelial cells","7":"Gamma cells","8":"Idling acinar cells","9":"MUC5B+ ductal cells","10":"Macrophages","11":"Quiescent stellate cells","12":"Secretory acinar cells"},"mean_silhouette":{"0":0.6992795467,"1":-0.0856679231,"2":0.171065405,"3":-0.0502420664,"4":-0.2535424531,"5":0.0588669963,"6":0.2427197546,"7":0.4019824266,"8":0.2607797086,"9":0.5845713615,"10":0.2774277031,"11":0.5660663247,"12":0.0412393026},"std_silhouette":{"0":0.1433865279,"1":0.2555280328,"2":0.2445472032,"3":0.241566062,"4":0.1380436867,"5":0.2876467109,"6":0.2753038108,"7":0.1665771008,"8":0.2913395166,"9":0.1904887706,"10":0.2476856709,"11":0.1449581385,"12":0.298904717},"median_silhouette":{"0":0.744073689,"1":-0.0443295017,"2":0.245183453,"3":-0.0101427063,"4":-0.2427361608,"5":0.154699266,"6":0.3560569286,"7":0.4481818676,"8":0.3603650331,"9":0.6690818071,"10":0.367092222,"11":0.6198475361,"12":0.0992839187},"count":{"0":3428,"1":1622,"2":840,"3":1270,"4":316,"5":16354,"6":1710,"7":74,"8":35308,"9":62,"10":551,"11":142,"12":17690}}