{"author_cell_type1":{"0":"ACKR1+ endothelium","1":"B cells","2":"CD36+ endothelium","3":"Cycling","4":"Doublets","5":"Enterocytes","6":"Enteroendocrines","7":"Fibs","8":"Glial cells","9":"Goblets","10":"ILC","11":"Lymphatics","12":"MNP","13":"Mast cells","14":"Paneth cells","15":"Pericytes","16":"Plasma cells","17":"Progenitors","18":"SM","19":"T cells","20":"TA"},"mean_silhouette":{"0":0.6136291027,"1":0.560836792,"2":0.4465735257,"3":0.4062831402,"4":0.2316534519,"5":0.1028880402,"6":-0.3323705494,"7":0.4637248218,"8":0.9317263365,"9":0.5285281539,"10":0.3145104647,"11":0.8338574767,"12":0.4891280234,"13":0.8913776278,"14":0.4043960273,"15":0.3271587789,"16":0.5683763027,"17":0.0820206925,"18":0.7916510701,"19":-0.0634705722,"20":0.096734494},"std_silhouette":{"0":0.2208357751,"1":0.1261201948,"2":0.2354662418,"3":0.2825501561,"4":0.3820900917,"5":0.2347571701,"6":0.2760053873,"7":0.2857856154,"8":0.0175472647,"9":0.1766067743,"10":0.3441787064,"11":0.0714519024,"12":0.1528415084,"13":0.0471284352,"14":0.3796163499,"15":0.3377465904,"16":0.1359941363,"17":0.273340255,"18":0.1315464079,"19":0.1980453283,"20":0.2332850248},"median_silhouette":{"0":0.6833034158,"1":0.598885417,"2":0.5489271879,"3":0.5124542117,"4":0.3861621022,"5":0.1634966582,"6":-0.2095955908,"7":0.5849125385,"8":0.9356964231,"9":0.5811839104,"10":0.5246047974,"11":0.8602882624,"12":0.518332541,"13":0.9111946821,"14":0.5665494204,"15":0.4900381565,"16":0.6206414104,"17":0.172074005,"18":0.8342202306,"19":-0.045355089,"20":0.1814408302},"count":{"0":149,"1":3183,"2":416,"3":151,"4":4052,"5":809,"6":18,"7":571,"8":175,"9":230,"10":1382,"11":96,"12":1635,"13":92,"14":34,"15":121,"16":3898,"17":382,"18":54,"19":14957,"20":53}}