{"celltype":{"0":"B-lymphocytes","1":"NK cells","2":"T-lymphocytes","3":"cilliated epithelial","4":"endothelial","5":"epithelial 1","6":"epithelial 2","7":"fibroblast 1","8":"fibroblast 2","9":"fibroblast 3","10":"mast cells","11":"mesothelial","12":"mural cells","13":"myeloid 1","14":"myeloid 2","15":"myeloid 3","16":"pDC","17":"plasma B-lymphocyte"},"mean_silhouette":{"0":0.5626853704,"1":0.6876996756,"2":0.439704448,"3":0.6718063951,"4":0.7162284851,"5":0.7576068044,"6":0.2345629185,"7":0.1751689762,"8":0.9342393279,"9":0.925958693,"10":0.7962241769,"11":0.8627492785,"12":0.7670654058,"13":0.5456911922,"14":0.4123205841,"15":0.5069072843,"16":0.8328990936,"17":0.680924654},"std_silhouette":{"0":0.1688616574,"1":0.0936896428,"2":0.1818810403,"3":0.1337117255,"4":0.0679003522,"5":0.1055860147,"6":0.3271580338,"7":0.314996928,"8":0.0151896607,"9":0.0222863425,"10":0.1377911419,"11":0.042226214,"12":0.0887149721,"13":0.2827156782,"14":0.1807778627,"15":0.1864426732,"16":0.0897428244,"17":0.1901432276},"median_silhouette":{"0":0.631170392,"1":0.7152011991,"2":0.4991420507,"3":0.7131652236,"4":0.7373421192,"5":0.801040411,"6":0.3517948985,"7":0.2646645606,"8":0.9393938184,"9":0.9333140254,"10":0.8459810019,"11":0.8763948679,"12":0.8013168573,"13":0.6759538651,"14":0.475066632,"15":0.5890886188,"16":0.8659005165,"17":0.7742767334},"count":{"0":1626,"1":7677,"2":12553,"3":848,"4":10883,"5":559,"6":16467,"7":37143,"8":375,"9":425,"10":361,"11":1371,"12":5773,"13":4859,"14":3205,"15":3761,"16":185,"17":426}}