{"celltype_main":{"0":"endothelial","1":"epithelial","2":"lymphocytes","3":"myeloid","4":"stromal"},"mean_silhouette":{"0":0.8003331423,"1":0.6139373779,"2":0.3369770348,"3":0.4755910635,"4":0.5895701647},"std_silhouette":{"0":0.0506734289,"1":0.1223787814,"2":0.2409022301,"3":0.1790663451,"4":0.218396768},"median_silhouette":{"0":0.8166611791,"1":0.6580494046,"2":0.4872413874,"3":0.5232731104,"4":0.683814168},"count":{"0":10883,"1":19245,"2":22282,"3":12371,"4":43716}}